{"assets/for_coursework.dll":["assets/for_coursework.dll"],"packages/flutter_login/assets/images/ecorp.png":["packages/flutter_login/assets/images/ecorp.png"],"packages/font_awesome_flutter/lib/fonts/fa-brands-400.ttf":["packages/font_awesome_flutter/lib/fonts/fa-brands-400.ttf"],"packages/font_awesome_flutter/lib/fonts/fa-regular-400.ttf":["packages/font_awesome_flutter/lib/fonts/fa-regular-400.ttf"],"packages/font_awesome_flutter/lib/fonts/fa-solid-900.ttf":["packages/font_awesome_flutter/lib/fonts/fa-solid-900.ttf"],"packages/sign_in_button/assets/logos/2.0x/facebook_new.png":["packages/sign_in_button/assets/logos/2.0x/facebook_new.png"],"packages/sign_in_button/assets/logos/2.0x/google_dark.png":["packages/sign_in_button/assets/logos/2.0x/google_dark.png"],"packages/sign_in_button/assets/logos/2.0x/google_light.png":["packages/sign_in_button/assets/logos/2.0x/google_light.png"],"packages/sign_in_button/assets/logos/3.0x/facebook_new.png":["packages/sign_in_button/assets/logos/3.0x/facebook_new.png"],"packages/sign_in_button/assets/logos/3.0x/google_dark.png":["packages/sign_in_button/assets/logos/3.0x/google_dark.png"],"packages/sign_in_button/assets/logos/3.0x/google_light.png":["packages/sign_in_button/assets/logos/3.0x/google_light.png"],"packages/sign_in_button/assets/logos/facebook_new.png":["packages/sign_in_button/assets/logos/facebook_new.png","packages/sign_in_button/assets/logos/2.0x/facebook_new.png","packages/sign_in_button/assets/logos/3.0x/facebook_new.png"],"packages/sign_in_button/assets/logos/google_dark.png":["packages/sign_in_button/assets/logos/google_dark.png","packages/sign_in_button/assets/logos/2.0x/google_dark.png","packages/sign_in_button/assets/logos/3.0x/google_dark.png"],"packages/sign_in_button/assets/logos/google_light.png":["packages/sign_in_button/assets/logos/google_light.png","packages/sign_in_button/assets/logos/2.0x/google_light.png","packages/sign_in_button/assets/logos/3.0x/google_light.png"]}